"DateTime","Number of sales","Sales USD"
"2017-06-22 00:00:00",0,0
"2017-06-23 00:00:00",19,1020.3
"2017-06-24 00:00:00",21,1240.84
"2017-06-25 00:00:00",13,517.55
"2017-06-26 00:00:00",14,424.63
"2017-06-27 00:00:00",33,2092.91
"2017-06-28 00:00:00",15,1247.26
"2017-06-29 00:00:00",38,2185.72
"2017-06-30 00:00:00",21,1708.15
"2017-07-01 00:00:00",10,3140.8
"2017-07-02 00:00:00",31,2924.61
"2017-07-03 00:00:00",51,7249.8
"2017-07-04 00:00:00",58,13505.93
"2017-07-05 00:00:00",18,1840.28
"2017-07-06 00:00:00",23,7022.18
"2017-07-07 00:00:00",37,7082.51
"2017-07-08 00:00:00",30,3227.88
"2017-07-09 00:00:00",12,969.1
"2017-07-10 00:00:00",17,4910.06
"2017-07-11 00:00:00",43,5709.37
"2017-07-12 00:00:00",17,1778.73
"2017-07-13 00:00:00",31,5300.97
"2017-07-14 00:00:00",7,448.4
"2017-07-15 00:00:00",5,549.69
"2017-07-16 00:00:00",3,319.2
"2017-07-17 00:00:00",5,1452.2
"2017-07-18 00:00:00",30,2921.67
"2017-07-19 00:00:00",31,3436.75
"2017-07-20 00:00:00",21,2352.71
"2017-07-21 00:00:00",21,2135
"2017-07-22 00:00:00",13,1044.77
"2017-07-23 00:00:00",6,421.7
"2017-07-24 00:00:00",15,1126.82
"2017-07-25 00:00:00",8,1769.47
"2017-07-26 00:00:00",5,314.52
"2017-07-27 00:00:00",2,111.75
"2017-07-28 00:00:00",5,374
"2017-07-29 00:00:00",8,1006.8
"2017-07-30 00:00:00",16,1478.99
"2017-07-31 00:00:00",2,213.45
"2017-08-01 00:00:00",2,109
"2017-08-02 00:00:00",1,525.74
"2017-08-03 00:00:00",21,4599.9
"2017-08-04 00:00:00",0,0
"2017-08-05 00:00:00",2,1518.93
"2017-08-06 00:00:00",0,0
"2017-08-07 00:00:00",1,76.52
"2017-08-08 00:00:00",5,997.6
"2017-08-09 00:00:00",3,267.36
"2017-08-10 00:00:00",2,181.03
"2017-08-11 00:00:00",8,659.37
"2017-08-12 00:00:00",17,1038.52
"2017-08-13 00:00:00",7,805.29
"2017-08-14 00:00:00",3,503.88
"2017-08-15 00:00:00",4,260.89
"2017-08-16 00:00:00",2,210.03
"2017-08-17 00:00:00",2,150.29
"2017-08-18 00:00:00",1,88.83
"2017-08-19 00:00:00",1,118.65
"2017-08-20 00:00:00",1,162.34
"2017-08-21 00:00:00",8,792.62
"2017-08-22 00:00:00",1,87.41
"2017-08-23 00:00:00",2,155.23
"2017-08-24 00:00:00",0,0
"2017-08-25 00:00:00",3,256.64
"2017-08-26 00:00:00",1,98.96
"2017-08-27 00:00:00",0,0
"2017-08-28 00:00:00",9,1145.85
"2017-08-29 00:00:00",1,91.7
"2017-08-30 00:00:00",2,174.3
"2017-08-31 00:00:00",1,103.39
"2017-09-01 00:00:00",5,506.11
"2017-09-02 00:00:00",3,69.28
"2017-09-03 00:00:00",0,0
"2017-09-04 00:00:00",3,314.7
"2017-09-05 00:00:00",0,0
"2017-09-06 00:00:00",0,0
"2017-09-07 00:00:00",0,0
"2017-09-08 00:00:00",1,76.12
"2017-09-09 00:00:00",0,0
"2017-09-10 00:00:00",3,202.02
"2017-09-11 00:00:00",2,139.34
"2017-09-12 00:00:00",2,81.36
"2017-09-13 00:00:00",0,0
"2017-09-14 00:00:00",0,0
"2017-09-15 00:00:00",0,0
"2017-09-16 00:00:00",1,70.99
"2017-09-17 00:00:00",2,133.72
"2017-09-18 00:00:00",1,63.35
"2017-09-19 00:00:00",4,378.6
"2017-09-20 00:00:00",3,372.74
"2017-09-21 00:00:00",4,208.55
"2017-09-22 00:00:00",1,71.14
"2017-09-23 00:00:00",4,243.57
"2017-09-24 00:00:00",1,56.14
"2017-09-25 00:00:00",0,0
"2017-09-26 00:00:00",0,0
"2017-09-27 00:00:00",4,423.01
"2017-09-28 00:00:00",1,36.2
"2017-09-29 00:00:00",7,314.35
"2017-09-30 00:00:00",10,160.53
"2017-10-01 00:00:00",1,449.51
"2017-10-02 00:00:00",0,0
"2017-10-03 00:00:00",0,0
"2017-10-04 00:00:00",1,58.61
"2017-10-05 00:00:00",0,0
"2017-10-06 00:00:00",0,0
"2017-10-07 00:00:00",0,0
"2017-10-08 00:00:00",1,93.04
"2017-10-09 00:00:00",1,26.63
"2017-10-10 00:00:00",0,0
"2017-10-11 00:00:00",1,66.71
"2017-10-12 00:00:00",1,39.26
"2017-10-13 00:00:00",4,354.85
"2017-10-14 00:00:00",4,254.86
"2017-10-15 00:00:00",3,177.76
"2017-10-16 00:00:00",2,179.26
"2017-10-17 00:00:00",0,0
"2017-10-18 00:00:00",0,0
"2017-10-19 00:00:00",1,27.76
"2017-10-20 00:00:00",1,96.75
"2017-10-21 00:00:00",1,78.18
"2017-10-22 00:00:00",0,0
"2017-10-23 00:00:00",0,0
"2017-10-24 00:00:00",0,0
"2017-10-25 00:00:00",1,44.77
"2017-10-26 00:00:00",7,268.92
"2017-10-27 00:00:00",6,178.76
"2017-10-28 00:00:00",6,177.88
"2017-10-29 00:00:00",1,21.26
"2017-10-30 00:00:00",3,217.44
"2017-10-31 00:00:00",6,221.59
"2017-11-01 00:00:00",4,111.09
"2017-11-02 00:00:00",3,111.96
"2017-11-03 00:00:00",0,0
"2017-11-04 00:00:00",3,86.99
"2017-11-05 00:00:00",0,0
"2017-11-06 00:00:00",0,0
"2017-11-07 00:00:00",1,265.71
"2017-11-08 00:00:00",0,0
"2017-11-09 00:00:00",2,148.27
"2017-11-10 00:00:00",0,0
"2017-11-11 00:00:00",0,0
"2017-11-12 00:00:00",1,91.11
"2017-11-13 00:00:00",2,63.07
"2017-11-14 00:00:00",1,67.79
"2017-11-15 00:00:00",2,137.06
"2017-11-16 00:00:00",0,0
"2017-11-17 00:00:00",0,0
"2017-11-18 00:00:00",0,0
"2017-11-19 00:00:00",1,35.34
"2017-11-20 00:00:00",4,146.31
"2017-11-21 00:00:00",105,340.63
"2017-11-22 00:00:00",62,735.06
"2017-11-23 00:00:00",880,2903.94
"2017-11-24 00:00:00",3093,7487.96
"2017-11-25 00:00:00",2029,2356.38
"2017-11-26 00:00:00",1247,2351.64
"2017-11-27 00:00:00",968,2003.16
"2017-11-28 00:00:00",1593,4726.17
"2017-11-29 00:00:00",5385,29706.06
"2017-11-30 00:00:00",8173,23812.56
"2017-12-01 00:00:00",7833,35961.42
"2017-12-02 00:00:00",13066,263614.44
"2017-12-03 00:00:00",28773,1041195.72
"2017-12-04 00:00:00",38862,2437263.56
"2017-12-05 00:00:00",41907,2326938.72
"2017-12-06 00:00:00",32921,1931152.8
"2017-12-07 00:00:00",37690,1773679.09
"2017-12-08 00:00:00",44990,2129154.72
"2017-12-09 00:00:00",50530,1847526.2
"2017-12-10 00:00:00",52457,1406415.76
"2017-12-11 00:00:00",47031,1141288.35
"2017-12-12 00:00:00",38001,841499.95
"2017-12-13 00:00:00",29646,633317.41
"2017-12-14 00:00:00",31329,614563.28
"2017-12-15 00:00:00",23011,457800.16
"2017-12-16 00:00:00",27267,1039473.99
"2017-12-17 00:00:00",21234,685084.81
"2017-12-18 00:00:00",19319,509909.41
"2017-12-19 00:00:00",14214,438460.84
"2017-12-20 00:00:00",20495,878293.55
"2017-12-21 00:00:00",15836,1113476.39
"2017-12-22 00:00:00",16417,1991108.18
"2017-12-23 00:00:00",14726,2204513.37
"2017-12-24 00:00:00",12749,1584311.71
"2017-12-25 00:00:00",9877,1896641.41
"2017-12-26 00:00:00",7912,995872.98
"2017-12-27 00:00:00",9152,650769.55
"2017-12-28 00:00:00",9977,404581.75
"2017-12-29 00:00:00",8463,339139.78
"2017-12-30 00:00:00",6623,150284.29
"2017-12-31 00:00:00",6961,187305.78
"2018-01-01 00:00:00",7417,140873.22
"2018-01-02 00:00:00",6658,211562.09
"2018-01-03 00:00:00",3767,135898.75
"2018-01-04 00:00:00",2604,59562.4
"2018-01-05 00:00:00",2076,43598.52
"2018-01-06 00:00:00",2879,84119.45
"2018-01-07 00:00:00",3160,64333.69
"2018-01-08 00:00:00",2550,59658.1
"2018-01-09 00:00:00",1812,57715.3
"2018-01-10 00:00:00",1366,53725.75
"2018-01-11 00:00:00",2082,53463.82
"2018-01-12 00:00:00",2526,64577.72
"2018-01-13 00:00:00",2500,62952.69
"2018-01-14 00:00:00",2796,82848.53
"2018-01-15 00:00:00",1837,50531.56
"2018-01-16 00:00:00",2042,56255.2
"2018-01-17 00:00:00",2297,46837.79
"2018-01-18 00:00:00",2730,52915.57
"2018-01-19 00:00:00",3136,78026.07
"2018-01-20 00:00:00",3222,157832.09
"2018-01-21 00:00:00",3099,65416.79
"2018-01-22 00:00:00",3048,46847.1
"2018-01-23 00:00:00",2892,47831.21
"2018-01-24 00:00:00",2655,47225.25
"2018-01-25 00:00:00",2271,37334.84
"2018-01-26 00:00:00",2785,50410.34
"2018-01-27 00:00:00",3142,53022.45
"2018-01-28 00:00:00",2698,70402.79
"2018-01-29 00:00:00",2436,44858.63
"2018-01-30 00:00:00",3009,57771.68
"2018-01-31 00:00:00",2871,97704.46
"2018-02-01 00:00:00",2083,33732.24
"2018-02-02 00:00:00",2477,43181.16
"2018-02-03 00:00:00",2336,36170.47
"2018-02-04 00:00:00",2091,32263.87
"2018-02-05 00:00:00",2308,30063.49
"2018-02-06 00:00:00",3331,36023.1
"2018-02-07 00:00:00",2935,38182.96
"2018-02-08 00:00:00",2724,33957.19
"2018-02-09 00:00:00",2825,48685.58
"2018-02-10 00:00:00",2149,68483.92
"2018-02-11 00:00:00",3389,65422.61
"2018-02-12 00:00:00",3228,57612.67
"2018-02-13 00:00:00",3643,94365.84
"2018-02-14 00:00:00",5628,381022.46
"2018-02-15 00:00:00",6416,761197.38
"2018-02-16 00:00:00",5447,167727.03
"2018-02-17 00:00:00",4349,162811.45
"2018-02-18 00:00:00",4418,173499.71
"2018-02-19 00:00:00",4991,194596.1
"2018-02-20 00:00:00",4559,267421.28
"2018-02-21 00:00:00",4059,93311.66
"2018-02-22 00:00:00",3880,79326.76
"2018-02-23 00:00:00",4178,117641.21
"2018-02-24 00:00:00",8514,171112.83
"2018-02-25 00:00:00",9200,125039.04
"2018-02-26 00:00:00",6796,134007.23
"2018-02-27 00:00:00",8463,166576.27
"2018-02-28 00:00:00",7723,127073.7
"2018-03-01 00:00:00",6152,96093.27
"2018-03-02 00:00:00",4405,79502.39
"2018-03-03 00:00:00",4443,84745.63
"2018-03-04 00:00:00",5147,215205.73
"2018-03-05 00:00:00",4417,135039.72
"2018-03-06 00:00:00",3812,120306.73
"2018-03-07 00:00:00",4802,166563.9
"2018-03-08 00:00:00",6747,102087.07
"2018-03-09 00:00:00",5952,90535.32
"2018-03-10 00:00:00",9163,97557.33
"2018-03-11 00:00:00",4438,66333.4
"2018-03-12 00:00:00",4834,69282.98
"2018-03-13 00:00:00",3758,63844.54
"2018-03-14 00:00:00",4451,57168.11
"2018-03-15 00:00:00",3936,40806.5
"2018-03-16 00:00:00",3129,48250.14
"2018-03-17 00:00:00",3766,52152.46
"2018-03-18 00:00:00",2824,39804.36
"2018-03-19 00:00:00",3127,52406.85
"2018-03-20 00:00:00",3061,215658.43
"2018-03-21 00:00:00",3381,259925.53
"2018-03-22 00:00:00",3402,140031.97
"2018-03-23 00:00:00",3156,293098.97
"2018-03-24 00:00:00",3176,118062
"2018-03-25 00:00:00",6329,114474.62
"2018-03-26 00:00:00",3049,96734.74
"2018-03-27 00:00:00",3454,105156.94
"2018-03-28 00:00:00",3672,190407.66
"2018-03-29 00:00:00",3850,89387.81
"2018-03-30 00:00:00",5768,214140.06
"2018-03-31 00:00:00",3171,79100.27
"2018-04-01 00:00:00",2912,74443.7
"2018-04-02 00:00:00",3208,61236.75
"2018-04-03 00:00:00",3245,77393.4
"2018-04-04 00:00:00",2995,50264.48
"2018-04-05 00:00:00",2756,63327.34
"2018-04-06 00:00:00",3813,68255.17
"2018-04-07 00:00:00",2741,42418.58
"2018-04-08 00:00:00",7486,71250.66
"2018-04-09 00:00:00",5277,48586.14
"2018-04-10 00:00:00",3279,53182.17
"2018-04-11 00:00:00",3470,70790.77
"2018-04-12 00:00:00",2943,44221.25
"2018-04-13 00:00:00",6183,92693.81
"2018-04-14 00:00:00",4886,85832.38
"2018-04-15 00:00:00",3961,91786.08
"2018-04-16 00:00:00",3791,61579.82
"2018-04-17 00:00:00",5105,85050.29
"2018-04-18 00:00:00",4154,67580.68
"2018-04-19 00:00:00",3872,60303.03
"2018-04-20 00:00:00",4073,49954.27
"2018-04-21 00:00:00",2572,46471.68
"2018-04-22 00:00:00",1816,50701.99
"2018-04-23 00:00:00",1864,156815.17
"2018-04-24 00:00:00",2221,82697.3
"2018-04-25 00:00:00",2285,94178.49
"2018-04-26 00:00:00",1794,61143.43
"2018-04-27 00:00:00",3388,60051.64
"2018-04-28 00:00:00",5275,60714.12
"2018-04-29 00:00:00",9933,101310.35
"2018-04-30 00:00:00",3351,108069.12
"2018-05-01 00:00:00",2248,69090.25
"2018-05-02 00:00:00",2107,95314.99
"2018-05-03 00:00:00",1725,68108.99
"2018-05-04 00:00:00",2856,85121.77
"2018-05-05 00:00:00",3517,88620.23
"2018-05-06 00:00:00",2830,61665.1
"2018-05-07 00:00:00",2734,58451.28
"2018-05-08 00:00:00",3724,80758.98
"2018-05-09 00:00:00",2390,57174.03
"2018-05-10 00:00:00",2090,54418.19
"2018-05-11 00:00:00",2507,72257.03
"2018-05-12 00:00:00",2274,38540.76
"2018-05-13 00:00:00",1802,44508.9
"2018-05-14 00:00:00",1409,28736.19
"2018-05-15 00:00:00",1645,26534.75
"2018-05-16 00:00:00",2454,43955.89
"2018-05-17 00:00:00",3883,52428.93
"2018-05-18 00:00:00",3377,52174.61
"2018-05-19 00:00:00",3649,45152.77
"2018-05-20 00:00:00",2663,53551.61
"2018-05-21 00:00:00",1828,31697.77
"2018-05-22 00:00:00",1852,31008.85
"2018-05-23 00:00:00",1712,28617.47
"2018-05-24 00:00:00",3036,36236.69
"2018-05-25 00:00:00",2308,47423.7
"2018-05-26 00:00:00",2745,46196.19
"2018-05-27 00:00:00",2831,37422.81
"2018-05-28 00:00:00",2101,45604.05
"2018-05-29 00:00:00",4111,48930.73
"2018-05-30 00:00:00",4535,59990.29
"2018-05-31 00:00:00",3350,43862.45
"2018-06-01 00:00:00",2879,34377.48
"2018-06-02 00:00:00",2913,47959.1
"2018-06-03 00:00:00",2328,58762.23
"2018-06-04 00:00:00",2191,47920.45
"2018-06-05 00:00:00",2514,55967.53
"2018-06-06 00:00:00",2011,53921.65
"2018-06-07 00:00:00",2173,62943.35
"2018-06-08 00:00:00",2064,67749.69
"2018-06-09 00:00:00",2781,35669.67
"2018-06-10 00:00:00",2065,40694.14
"2018-06-11 00:00:00",3381,42601.19
"2018-06-12 00:00:00",2903,36981.38
"2018-06-13 00:00:00",2272,51268.92
"2018-06-14 00:00:00",1926,45763.29
"2018-06-15 00:00:00",5253,50514.5
"2018-06-16 00:00:00",2356,28467.72
"2018-06-17 00:00:00",2435,56671.24
"2018-06-18 00:00:00",2755,95030.39
"2018-06-19 00:00:00",2764,91900.68
"2018-06-20 00:00:00",1975,44427.81
"2018-06-21 00:00:00",3089,63438.73
"2018-06-22 00:00:00",5237,58163.06
"2018-06-23 00:00:00",3028,46052.34
"2018-06-24 00:00:00",3043,52651.94
"2018-06-25 00:00:00",2574,44047.23
"2018-06-26 00:00:00",2324,38696.74
"2018-06-27 00:00:00",2428,35226.68
"2018-06-28 00:00:00",2633,39925.96
"2018-06-29 00:00:00",3298,58444.88
"2018-06-30 00:00:00",2422,33084.78
"2018-07-01 00:00:00",1333,18387.85
"2018-07-02 00:00:00",699,17236.46
"2018-07-03 00:00:00",625,29030.76
"2018-07-04 00:00:00",755,103462.63
"2018-07-05 00:00:00",1008,32640.13
"2018-07-06 00:00:00",1716,22368.97
"2018-07-07 00:00:00",1266,16679.18
"2018-07-08 00:00:00",1785,19674.15
"2018-07-09 00:00:00",2797,34382.44
"2018-07-10 00:00:00",2047,31866.73
"2018-07-11 00:00:00",2421,40077.71
"2018-07-12 00:00:00",2988,42940.71
"2018-07-13 00:00:00",3820,45870.33
"2018-07-14 00:00:00",1616,18685.73
"2018-07-15 00:00:00",1485,31989.93
"2018-07-16 00:00:00",2185,53515.55
"2018-07-17 00:00:00",1924,41337.66
"2018-07-18 00:00:00",1882,49034.75
"2018-07-19 00:00:00",2303,36282.06
"2018-07-20 00:00:00",1910,28447.96
"2018-07-21 00:00:00",2259,30553.02
"2018-07-22 00:00:00",2292,52386.96
"2018-07-23 00:00:00",2548,44940.76
"2018-07-24 00:00:00",1921,52700.32
"2018-07-25 00:00:00",2501,41785.36
"2018-07-26 00:00:00",3437,43231.96
"2018-07-27 00:00:00",4152,415914.41
"2018-07-28 00:00:00",3147,897554.15
"2018-07-29 00:00:00",2248,31039.04
"2018-07-30 00:00:00",1862,174032.52
"2018-07-31 00:00:00",2074,94238.64
"2018-08-01 00:00:00",2561,34298.78
"2018-08-02 00:00:00",2369,232997.82
"2018-08-03 00:00:00",1777,46501.82
"2018-08-04 00:00:00",2017,53924.62
"2018-08-05 00:00:00",1847,57943.15
"2018-08-06 00:00:00",1621,44456.4
"2018-08-07 00:00:00",1421,53035.08
"2018-08-08 00:00:00",1484,34417.11
"2018-08-09 00:00:00",1409,33352.42
"2018-08-10 00:00:00",1494,21382.68
"2018-08-11 00:00:00",1877,20741.5
"2018-08-12 00:00:00",2454,25962.73
"2018-08-13 00:00:00",2732,34957.13
"2018-08-14 00:00:00",3404,79449.84
"2018-08-15 00:00:00",3433,64870.93
"2018-08-16 00:00:00",3804,51302.36
"2018-08-17 00:00:00",5230,58486.46
"2018-08-18 00:00:00",6685,92924.76
"2018-08-19 00:00:00",7233,75946.47
"2018-08-20 00:00:00",3748,49445.24
"2018-08-21 00:00:00",3760,82862.01
"2018-08-22 00:00:00",2658,51656.48
"2018-08-23 00:00:00",4318,101021.22
"2018-08-24 00:00:00",5402,94287.34
"2018-08-25 00:00:00",5112,158728.44
"2018-08-26 00:00:00",3938,50036.36
"2018-08-27 00:00:00",5094,63957.16
"2018-08-28 00:00:00",4274,79851.72
"2018-08-29 00:00:00",5092,69833.79
"2018-08-30 00:00:00",8430,67857.82
"2018-08-31 00:00:00",10761,83026.63
"2018-09-01 00:00:00",9682,79942.56
"2018-09-02 00:00:00",8213,75985.58
"2018-09-03 00:00:00",7420,76046.56
"2018-09-04 00:00:00",5083,226498.94
"2018-09-05 00:00:00",5714,94924.39
"2018-09-06 00:00:00",7389,52242.61
"2018-09-07 00:00:00",8078,76353.62
"2018-09-08 00:00:00",6189,98538.9
"2018-09-09 00:00:00",9233,88396.84
"2018-09-10 00:00:00",8159,150423.95
"2018-09-11 00:00:00",10949,80551.55
"2018-09-12 00:00:00",9916,159895.45
"2018-09-13 00:00:00",4506,163448.12
"2018-09-14 00:00:00",4829,147185.34
"2018-09-15 00:00:00",3824,103339.34
"2018-09-16 00:00:00",3321,177235.77
"2018-09-17 00:00:00",3927,68419.05
"2018-09-18 00:00:00",4325,88853.86
"2018-09-19 00:00:00",5439,116717.33
"2018-09-20 00:00:00",4504,98997.62
"2018-09-21 00:00:00",5392,158339.63
"2018-09-22 00:00:00",7145,67506.86
"2018-09-23 00:00:00",5567,204216.02
"2018-09-24 00:00:00",4892,85717.55
"2018-09-25 00:00:00",4815,65266.91
"2018-09-26 00:00:00",5906,81388.03
"2018-09-27 00:00:00",6263,103038.92
"2018-09-28 00:00:00",3690,49690.99
"2018-09-29 00:00:00",4303,84307.85
"2018-09-30 00:00:00",5025,52009.87
"2018-10-01 00:00:00",4445,71878.18
"2018-10-02 00:00:00",3160,87642.28
"2018-10-03 00:00:00",3821,156463.39
"2018-10-04 00:00:00",4363,119455.26
"2018-10-05 00:00:00",7436,113078.2
"2018-10-06 00:00:00",4533,74742.66
"2018-10-07 00:00:00",4536,83282.08
"2018-10-08 00:00:00",4288,60333.87
"2018-10-09 00:00:00",3753,74454.79
"2018-10-10 00:00:00",4361,90775.25
"2018-10-11 00:00:00",6344,140690.87
"2018-10-12 00:00:00",4728,169903.74
"2018-10-13 00:00:00",4013,128891.26
"2018-10-14 00:00:00",3335,69855.91
"2018-10-15 00:00:00",3155,94382.53
"2018-10-16 00:00:00",3394,52178.91
"2018-10-17 00:00:00",5564,85743.04
"2018-10-18 00:00:00",3505,99050.99
"2018-10-19 00:00:00",8104,79426.19
"2018-10-20 00:00:00",4712,51251.16
"2018-10-21 00:00:00",5542,47764.39
"2018-10-22 00:00:00",4242,187545.34
"2018-10-23 00:00:00",5234,96185.95
"2018-10-24 00:00:00",4301,92913.86
"2018-10-25 00:00:00",3569,60017.7
"2018-10-26 00:00:00",4597,53730.24
"2018-10-27 00:00:00",5453,58236.51
"2018-10-28 00:00:00",4303,61469.71
"2018-10-29 00:00:00",4311,63045.25
"2018-10-30 00:00:00",3829,127889.16
"2018-10-31 00:00:00",3768,40590.23
"2018-11-01 00:00:00",3962,106395.92
"2018-11-02 00:00:00",3852,121310.3
"2018-11-03 00:00:00",4633,47794.88
"2018-11-04 00:00:00",4581,57182.77
"2018-11-05 00:00:00",4405,273707.89
"2018-11-06 00:00:00",3718,99107.76
"2018-11-07 00:00:00",5327,124472.85
"2018-11-08 00:00:00",3751,118821.89
"2018-11-09 00:00:00",3554,78318.64
"2018-11-10 00:00:00",4138,66247.67
"2018-11-11 00:00:00",4108,230139.91
"2018-11-12 00:00:00",4029,99612.8
"2018-11-13 00:00:00",5329,149280.8
"2018-11-14 00:00:00",5403,146510.51
"2018-11-15 00:00:00",10364,125829.36
"2018-11-16 00:00:00",6512,93491.08
"2018-11-17 00:00:00",4950,39472.7
"2018-11-18 00:00:00",4660,57703.83
"2018-11-19 00:00:00",4033,103501.09
"2018-11-20 00:00:00",4107,68481.27
"2018-11-21 00:00:00",6276,40935.56
"2018-11-22 00:00:00",6789,54194.06
"2018-11-23 00:00:00",4610,68591.35
"2018-11-24 00:00:00",4610,50420.63
"2018-11-25 00:00:00",5216,29785.04
"2018-11-26 00:00:00",5845,47367.54
"2018-11-27 00:00:00",6274,50526.02
"2018-11-28 00:00:00",5221,48757.3
"2018-11-29 00:00:00",4535,98429.14
"2018-11-30 00:00:00",6056,102199.51
"2018-12-01 00:00:00",10858,61168.68
"2018-12-02 00:00:00",7615,55175.75
"2018-12-03 00:00:00",7155,36064.73
"2018-12-04 00:00:00",6472,44428.36
"2018-12-05 00:00:00",13658,57039.32
"2018-12-06 00:00:00",5589,33739.93
"2018-12-07 00:00:00",6474,31640.2
"2018-12-08 00:00:00",4504,67484.3
"2018-12-09 00:00:00",4469,42409.63
"2018-12-10 00:00:00",3162,31064.43
"2018-12-11 00:00:00",3567,167574.41
"2018-12-12 00:00:00",3972,876459.36
"2018-12-13 00:00:00",5579,45626.59
"2018-12-14 00:00:00",4876,184011.84
"2018-12-15 00:00:00",6318,113797.73
"2018-12-16 00:00:00",6175,193270.45
"2018-12-17 00:00:00",4799,54782.43
"2018-12-18 00:00:00",3751,58641.35
"2018-12-19 00:00:00",4143,393464.28
"2018-12-20 00:00:00",4957,1015812.17
"2018-12-21 00:00:00",7030,2890804.64
"2018-12-22 00:00:00",3820,470537.97
"2018-12-23 00:00:00",7272,1366294.54
"2018-12-24 00:00:00",4057,70160.86
"2018-12-25 00:00:00",3172,66474.32
"2018-12-26 00:00:00",2962,26343.21
"2018-12-27 00:00:00",2894,28051.26
"2018-12-28 00:00:00",3283,59696.34
"2018-12-29 00:00:00",3124,25090.38
"2018-12-30 00:00:00",3093,54702.19
"2018-12-31 00:00:00",3406,62953.3
"2019-01-01 00:00:00",2479,20279.12
"2019-01-02 00:00:00",2685,29083.95
"2019-01-03 00:00:00",2733,44988.54
"2019-01-04 00:00:00",2777,51448.67
"2019-01-05 00:00:00",2835,30932.72
"2019-01-06 00:00:00",2758,732945.28
"2019-01-07 00:00:00",3186,37051.48
"2019-01-08 00:00:00",2374,55060.83
"2019-01-09 00:00:00",2413,41987.36
"2019-01-10 00:00:00",3489,45058.96
"2019-01-11 00:00:00",8554,60039.07
"2019-01-12 00:00:00",5919,71274.41
"2019-01-13 00:00:00",5515,90772.46
"2019-01-14 00:00:00",4628,90637.42
"2019-01-15 00:00:00",4247,33666.89
"2019-01-16 00:00:00",4449,58761.97
"2019-01-17 00:00:00",3772,45453.9
"2019-01-18 00:00:00",4607,57737.91
"2019-01-19 00:00:00",4245,39947.04
"2019-01-20 00:00:00",4723,65077.8
"2019-01-21 00:00:00",4339,34080.68
"2019-01-22 00:00:00",2480,25003.58
"2019-01-23 00:00:00",3065,27746.02
"2019-01-24 00:00:00",3874,27884.39
"2019-01-25 00:00:00",3313,45011.18
"2019-01-26 00:00:00",7303,36924.34
"2019-01-27 00:00:00",6948,60522.78
"2019-01-28 00:00:00",4899,62257.91
"2019-01-29 00:00:00",3295,25475.71
"2019-01-30 00:00:00",3380,889615.51
"2019-01-31 00:00:00",3028,28699.23
"2019-02-01 00:00:00",3828,31033.67
"2019-02-02 00:00:00",4164,37312.45
"2019-02-03 00:00:00",4775,40914.42
"2019-02-04 00:00:00",3266,30507.72
"2019-02-05 00:00:00",3083,56099
"2019-02-06 00:00:00",2554,53859.86
"2019-02-07 00:00:00",2809,34736.6
"2019-02-08 00:00:00",3214,28042.16
"2019-02-09 00:00:00",5870,26301.59
"2019-02-10 00:00:00",5787,53926.09
"2019-02-11 00:00:00",4639,45432.58
"2019-02-12 00:00:00",3899,28194.1
"2019-02-13 00:00:00",3822,26707.65
"2019-02-14 00:00:00",4660,31647.07
"2019-02-15 00:00:00",3757,34595.1
"2019-02-16 00:00:00",6600,29375.97
"2019-02-17 00:00:00",5166,59032.58
"2019-02-18 00:00:00",4616,39156.41
"2019-02-19 00:00:00",2711,60243.33
"2019-02-20 00:00:00",2971,55223.45
"2019-02-21 00:00:00",3585,57976.81
"2019-02-22 00:00:00",4356,41806.95
"2019-02-23 00:00:00",4979,35776.84
"2019-02-24 00:00:00",3976,35536.17
"2019-02-25 00:00:00",4177,39168.68
"2019-02-26 00:00:00",4623,57949.69
"2019-02-27 00:00:00",2879,56978.88
"2019-02-28 00:00:00",2428,38119.67
"2019-03-01 00:00:00",3763,62449.76
"2019-03-02 00:00:00",5567,95212.81
"2019-03-03 00:00:00",6981,59110.12
"2019-03-04 00:00:00",5352,89740.98
"2019-03-05 00:00:00",4875,95166.59
"2019-03-06 00:00:00",5139,71476.67
"2019-03-07 00:00:00",5734,59875.97
"2019-03-08 00:00:00",6660,76773.9
"2019-03-09 00:00:00",6270,70490.91
"2019-03-10 00:00:00",5063,83474.97
"2019-03-11 00:00:00",4084,53206.43
"2019-03-12 00:00:00",4504,110181.75
"2019-03-13 00:00:00",3999,62299.05
"2019-03-14 00:00:00",3921,76826.11
"2019-03-15 00:00:00",4648,70605.83
"2019-03-16 00:00:00",7478,62872.18
"2019-03-17 00:00:00",6664,83947.23
"2019-03-18 00:00:00",5295,72920.06
"2019-03-19 00:00:00",5089,67374
"2019-03-20 00:00:00",4946,66584.69
"2019-03-21 00:00:00",4526,54311.41
"2019-03-22 00:00:00",4996,55268.19
"2019-03-23 00:00:00",6145,79449.31
"2019-03-24 00:00:00",6337,91813.72
"2019-03-25 00:00:00",5312,64579.69
"2019-03-26 00:00:00",4873,81364.35
"2019-03-27 00:00:00",4506,51671.46
"2019-03-28 00:00:00",4160,115433.52
"2019-03-29 00:00:00",26715,113070.61
"2019-03-30 00:00:00",9623,72030.16
"2019-03-31 00:00:00",10874,78362.36
"2019-04-01 00:00:00",8093,98319.36
"2019-04-02 00:00:00",5483,118710.92
"2019-04-03 00:00:00",4319,70302
"2019-04-04 00:00:00",3869,91897.06
"2019-04-05 00:00:00",3741,75902.31
"2019-04-06 00:00:00",4371,56581.59
"2019-04-07 00:00:00",4218,66657.25
"2019-04-08 00:00:00",2967,61423.18
"2019-04-09 00:00:00",3455,62896.54
"2019-04-10 00:00:00",3575,54318.73
"2019-04-11 00:00:00",3114,62233.89
"2019-04-12 00:00:00",3751,75108.85
"2019-04-13 00:00:00",6591,62810
"2019-04-14 00:00:00",7284,44331.5
"2019-04-15 00:00:00",3789,98547.33
"2019-04-16 00:00:00",3971,60263.9
"2019-04-17 00:00:00",4388,41414.5
"2019-04-18 00:00:00",4483,47166.02
"2019-04-19 00:00:00",5071,53070.84
"2019-04-20 00:00:00",4676,45924.89
"2019-04-21 00:00:00",4597,60305.31
"2019-04-22 00:00:00",3990,42454.72
"2019-04-23 00:00:00",3836,49690.84
"2019-04-24 00:00:00",3852,101817.5
"2019-04-25 00:00:00",3958,44348.31
"2019-04-26 00:00:00",3675,50329.72
"2019-04-27 00:00:00",4644,71302.24
"2019-04-28 00:00:00",4641,46939.81
"2019-04-29 00:00:00",3854,40105.68
"2019-04-30 00:00:00",4081,205756.42
"2019-05-01 00:00:00",5263,44436.41
"2019-05-02 00:00:00",4878,69419.33
"2019-05-03 00:00:00",4213,50007.63
"2019-05-04 00:00:00",4950,43939.96
"2019-05-05 00:00:00",4451,55717.35
"2019-05-06 00:00:00",3691,38196.03
"2019-05-07 00:00:00",2316,37821.21
"2019-05-08 00:00:00",4131,53238.58
"2019-05-09 00:00:00",4141,41609.06
"2019-05-10 00:00:00",5416,87320
"2019-05-11 00:00:00",7329,49348.58
"2019-05-12 00:00:00",5501,63565.98
"2019-05-13 00:00:00",4691,71247.13
"2019-05-14 00:00:00",3917,39710.23
"2019-05-15 00:00:00",2465,70580.94
"2019-05-16 00:00:00",2266,48288.78
"2019-05-17 00:00:00",3524,123824
"2019-05-18 00:00:00",3703,117510.31
"2019-05-19 00:00:00",3780,86911.13
"2019-05-20 00:00:00",3418,100847.59
"2019-05-21 00:00:00",3234,96397.03
"2019-05-22 00:00:00",3282,75977.41
"2019-05-23 00:00:00",3010,80323.74
"2019-05-24 00:00:00",4356,168425.63
"2019-05-25 00:00:00",5078,91808.05
"2019-05-26 00:00:00",4813,72842.84
"2019-05-27 00:00:00",4551,186686.21
"2019-05-28 00:00:00",5268,99985.67
"2019-05-29 00:00:00",4784,70734.23
"2019-05-30 00:00:00",5834,65908.32
"2019-05-31 00:00:00",4679,86325.56
"2019-06-01 00:00:00",2907,48083.2
"2019-06-02 00:00:00",3000,66803.43
"2019-06-03 00:00:00",2939,113945.89
"2019-06-04 00:00:00",2489,43776.7
"2019-06-05 00:00:00",3231,56036
"2019-06-06 00:00:00",2685,57393.34
"2019-06-07 00:00:00",3864,105327.27
"2019-06-08 00:00:00",3133,35722.78
"2019-06-09 00:00:00",4793,48550.25
"2019-06-10 00:00:00",3031,48518.4
"2019-06-11 00:00:00",3601,42960
"2019-06-12 00:00:00",3826,68476.87
"2019-06-13 00:00:00",4270,80523.93
"2019-06-14 00:00:00",3424,64392
"2019-06-15 00:00:00",3394,58616.77
"2019-06-16 00:00:00",4091,74932.82
"2019-06-17 00:00:00",3037,50205.6
"2019-06-18 00:00:00",3031,135095.13
"2019-06-19 00:00:00",2946,116396.12
"2019-06-20 00:00:00",2245,75666.97
"2019-06-21 00:00:00",3286,179175.18
"2019-06-22 00:00:00",3870,120809.54
"2019-06-23 00:00:00",3759,55387.28
"2019-06-24 00:00:00",3815,124966.89
"2019-06-25 00:00:00",2836,46830.79
"2019-06-26 00:00:00",2781,75130.27
"2019-06-27 00:00:00",1795,43120.71
"2019-06-28 00:00:00",1831,43875.7
"2019-06-29 00:00:00",2854,62825.4
"2019-06-30 00:00:00",2010,39523.25
"2019-07-01 00:00:00",1500,25044.43
"2019-07-02 00:00:00",1518,30654.08
"2019-07-03 00:00:00",1747,37113.73
"2019-07-04 00:00:00",2529,56025.79
"2019-07-05 00:00:00",2124,52034.93
"2019-07-06 00:00:00",3045,29373.23
"2019-07-07 00:00:00",2885,53171.96
"2019-07-08 00:00:00",2583,53150.63
"2019-07-09 00:00:00",2951,67212.09
"2019-07-10 00:00:00",2667,89971.42
"2019-07-11 00:00:00",1910,58469.63
"2019-07-12 00:00:00",2449,36002.82
"2019-07-13 00:00:00",2786,42663.36
"2019-07-14 00:00:00",2715,55106.87
"2019-07-15 00:00:00",2520,69360.02
"2019-07-16 00:00:00",1165,45318.24
"2019-07-17 00:00:00",2755,62322.14
"2019-07-18 00:00:00",4327,58102.35
"2019-07-19 00:00:00",2979,27473.21
"2019-07-20 00:00:00",4776,36354.44
"2019-07-21 00:00:00",4772,37023.46
"2019-07-22 00:00:00",3486,36341.51
"2019-07-23 00:00:00",3690,32637.28
"2019-07-24 00:00:00",2849,25498.1
"2019-07-25 00:00:00",2554,24201.17
"2019-07-26 00:00:00",4096,32668.07
"2019-07-27 00:00:00",3949,33969.3
"2019-07-28 00:00:00",3922,33577.2
"2019-07-29 00:00:00",3901,52290.81
"2019-07-30 00:00:00",4235,50084.53
"2019-07-31 00:00:00",3635,56954.09
"2019-08-01 00:00:00",3127,74698.54
"2019-08-02 00:00:00",2892,34114.95
"2019-08-03 00:00:00",3470,39984.26
"2019-08-04 00:00:00",3709,36740.55
"2019-08-05 00:00:00",3277,29556.12
"2019-08-06 00:00:00",2127,34505.13
"2019-08-07 00:00:00",2824,36969.05
"2019-08-08 00:00:00",2860,40790.46
"2019-08-09 00:00:00",2801,41485.35
"2019-08-10 00:00:00",2149,21737.84
"2019-08-11 00:00:00",2376,23992.2
"2019-08-12 00:00:00",2458,105492.73
"2019-08-13 00:00:00",2589,43042.93
"2019-08-14 00:00:00",2793,37894.53
"2019-08-15 00:00:00",2609,34472.69
"2019-08-16 00:00:00",2709,45153.88
"2019-08-17 00:00:00",3691,22773.66
"2019-08-18 00:00:00",3779,21434.69
"2019-08-19 00:00:00",2417,31277.21
"2019-08-20 00:00:00",6991,26280.71
"2019-08-21 00:00:00",4670,25506.47
"2019-08-22 00:00:00",4032,41894
"2019-08-23 00:00:00",4031,40370.1
"2019-08-24 00:00:00",5462,42081.8
"2019-08-25 00:00:00",3609,35049.25
"2019-08-26 00:00:00",2456,49983.78
"2019-08-27 00:00:00",4205,27685.74
"2019-08-28 00:00:00",3830,64804.62
"2019-08-29 00:00:00",3435,44537.94
"2019-08-30 00:00:00",3775,30408.56
"2019-08-31 00:00:00",5670,46515.8
"2019-09-01 00:00:00",5220,47528.24
"2019-09-02 00:00:00",4430,42662.91
"2019-09-03 00:00:00",3133,38191.94
"2019-09-04 00:00:00",2968,87760.17
"2019-09-05 00:00:00",2130,35989.97
"2019-09-06 00:00:00",1508,29077.82
"2019-09-07 00:00:00",1507,25010.12
"2019-09-08 00:00:00",1449,44802.62
"2019-09-09 00:00:00",1408,76243.99
"2019-09-10 00:00:00",1177,31137.91
"2019-09-11 00:00:00",1265,31813.48
"2019-09-12 00:00:00",1310,38882.82
"2019-09-13 00:00:00",1287,64881.95
"2019-09-14 00:00:00",2876,36287.42
"2019-09-15 00:00:00",2557,28206.4
"2019-09-16 00:00:00",1252,39476.18
"2019-09-17 00:00:00",1083,30615.82
"2019-09-18 00:00:00",1148,29563.13
"2019-09-19 00:00:00",1123,75267.22
"2019-09-20 00:00:00",885,22366.37
"2019-09-21 00:00:00",2346,31816.2
"2019-09-22 00:00:00",2102,31262.21
"2019-09-23 00:00:00",1503,32243.73
"2019-09-24 00:00:00",1234,37360.15
"2019-09-25 00:00:00",1082,31459.13
"2019-09-26 00:00:00",1136,32947.07
"2019-09-27 00:00:00",1004,21606.96
"2019-09-28 00:00:00",2047,19492.46
"2019-09-29 00:00:00",2573,74141.91
"2019-09-30 00:00:00",2144,30871.11
"2019-10-01 00:00:00",3805,39427.44
"2019-10-02 00:00:00",3603,37829.46
"2019-10-03 00:00:00",4050,29972.06
"2019-10-04 00:00:00",3317,31581.81
"2019-10-05 00:00:00",3456,19179.68
"2019-10-06 00:00:00",2805,54009.19
"2019-10-07 00:00:00",3118,43162.09
"2019-10-08 00:00:00",3249,40584.35
"2019-10-09 00:00:00",5455,96721.31
"2019-10-10 00:00:00",4060,48828.42
"2019-10-11 00:00:00",5089,28095
"2019-10-12 00:00:00",3221,30159.42
"2019-10-13 00:00:00",3171,75566.9
"2019-10-14 00:00:00",3450,111626.29
"2019-10-15 00:00:00",4653,243449.96
"2019-10-16 00:00:00",3470,177577.36
"2019-10-17 00:00:00",4656,151337.23
"2019-10-18 00:00:00",4165,126642.07
"2019-10-19 00:00:00",3940,122434.05
"2019-10-20 00:00:00",8557,272920.55
"2019-10-21 00:00:00",3150,79621.82
"2019-10-22 00:00:00",3241,86746.03
"2019-10-23 00:00:00",2256,66311.71
"2019-10-24 00:00:00",2286,72830.66
"2019-10-25 00:00:00",2678,82187.96
"2019-10-26 00:00:00",3990,89410.16
"2019-10-27 00:00:00",3599,94905.06
"2019-10-28 00:00:00",3832,74301.47
"2019-10-29 00:00:00",2934,66769.21
"2019-10-30 00:00:00",2859,80431.68
"2019-10-31 00:00:00",2796,65283.95
"2019-11-01 00:00:00",3421,50134.01
"2019-11-02 00:00:00",3993,66221.84
"2019-11-03 00:00:00",3041,83745.18
"2019-11-04 00:00:00",2882,58525.8
"2019-11-05 00:00:00",3038,46856.14
"2019-11-06 00:00:00",4880,63550.34
"2019-11-07 00:00:00",5802,71318.79
"2019-11-08 00:00:00",4583,40691.88
"2019-11-09 00:00:00",5114,38105.67
"2019-11-10 00:00:00",5024,63186.47
"2019-11-11 00:00:00",3484,76744.82
"2019-11-12 00:00:00",3777,48738.66
"2019-11-13 00:00:00",3846,41665.3
"2019-11-14 00:00:00",2647,39971.66
"2019-11-15 00:00:00",3016,26003.54
"2019-11-16 00:00:00",3150,21782.44
"2019-11-17 00:00:00",2699,52844.69
"2019-11-18 00:00:00",3077,46648.28
"2019-11-19 00:00:00",2940,44314.69
"2019-11-20 00:00:00",3017,46483.79
"2019-11-21 00:00:00",2614,40633.35
"2019-11-22 00:00:00",12488,137688.06
"2019-11-23 00:00:00",17499,102529.27
"2019-11-24 00:00:00",20293,97730.79
"2019-11-25 00:00:00",10379,81013.31
"2019-11-26 00:00:00",12281,62897.91
"2019-11-27 00:00:00",12281,93759.15
"2019-11-28 00:00:00",10263,78329.14
"2019-11-29 00:00:00",18348,95530.37
"2019-11-30 00:00:00",13542,90835.42
"2019-12-01 00:00:00",16535,85931.51
"2019-12-02 00:00:00",14112,72170.05
"2019-12-03 00:00:00",8167,86919.79
"2019-12-04 00:00:00",7710,72050.01
"2019-12-05 00:00:00",10274,161530.15
"2019-12-06 00:00:00",8147,60999.24
"2019-12-07 00:00:00",9429,59119.17
"2019-12-08 00:00:00",11108,77777.14
"2019-12-09 00:00:00",9304,114360.56
"2019-12-10 00:00:00",7937,87342.37
"2019-12-11 00:00:00",8101,79342.53
"2019-12-12 00:00:00",8407,76658.98
"2019-12-13 00:00:00",5982,49074.7
"2019-12-14 00:00:00",6326,58787.08
"2019-12-15 00:00:00",6185,53441.81
"2019-12-16 00:00:00",4996,69024.99
"2019-12-17 00:00:00",4076,57987.69
"2019-12-18 00:00:00",6255,216613.71
"2019-12-19 00:00:00",6073,108030.76
"2019-12-20 00:00:00",5127,100745.64
"2019-12-21 00:00:00",6929,86395.14
"2019-12-22 00:00:00",8428,60782.2
"2019-12-23 00:00:00",4608,75842.9
"2019-12-24 00:00:00",5053,70093.11
"2019-12-25 00:00:00",5314,62856.49
"2019-12-26 00:00:00",5654,111256.3
"2019-12-27 00:00:00",7385,80134.16
"2019-12-28 00:00:00",6812,63623.08
"2019-12-29 00:00:00",7662,81447.79
"2019-12-30 00:00:00",5357,57945.51
"2019-12-31 00:00:00",5671,54991.24
"2020-01-01 00:00:00",7557,61452.77
"2020-01-02 00:00:00",8853,68282.52
"2020-01-03 00:00:00",8361,89010.08
"2020-01-04 00:00:00",12142,139670.34
"2020-01-05 00:00:00",9653,74680.21
"2020-01-06 00:00:00",5982,109789.36
"2020-01-07 00:00:00",8177,104039.36
"2020-01-08 00:00:00",5883,83245.4
"2020-01-09 00:00:00",7178,55432.95
"2020-01-10 00:00:00",6086,64241.42
"2020-01-11 00:00:00",7348,77801.86
"2020-01-12 00:00:00",8695,58884.62
"2020-01-13 00:00:00",7689,73317.59
"2020-01-14 00:00:00",8956,81809.51
"2020-01-15 00:00:00",6906,62224.79
"2020-01-16 00:00:00",4683,61030.12
"2020-01-17 00:00:00",5073,72898.34
"2020-01-18 00:00:00",7697,81408.23
"2020-01-19 00:00:00",8553,56400.37
"2020-01-20 00:00:00",13048,67719.54
"2020-01-21 00:00:00",9271,96178.61
"2020-01-22 00:00:00",8182,91832.97
"2020-01-23 00:00:00",9526,172346.59
"2020-01-24 00:00:00",16754,78961.82
"2020-01-25 00:00:00",10853,56811.12
"2020-01-26 00:00:00",12233,72636.57
"2020-01-27 00:00:00",9590,65631.16
"2020-01-28 00:00:00",7837,86641.63
"2020-01-29 00:00:00",6062,77308.48
"2020-01-30 00:00:00",4979,51664.6
"2020-01-31 00:00:00",5759,81580.05
"2020-02-01 00:00:00",7555,70567.33
"2020-02-02 00:00:00",7074,77399
"2020-02-03 00:00:00",4482,91345.22
"2020-02-04 00:00:00",2786,85001.3
"2020-02-05 00:00:00",3218,133867.1
"2020-02-06 00:00:00",2795,114566.09
"2020-02-07 00:00:00",3217,225548.01
"2020-02-08 00:00:00",9251,88763.86
"2020-02-09 00:00:00",14367,192555.19
"2020-02-10 00:00:00",5724,147030.31
"2020-02-11 00:00:00",11475,477570.7
"2020-02-12 00:00:00",5116,219456.12
"2020-02-13 00:00:00",5783,159618.56
"2020-02-14 00:00:00",4536,115210.85
"2020-02-15 00:00:00",4939,112617.96
"2020-02-16 00:00:00",4170,140779.12
"2020-02-17 00:00:00",5573,177273.37
"2020-02-18 00:00:00",4762,198200.65
"2020-02-19 00:00:00",4786,120477.99
"2020-02-20 00:00:00",5510,113425.84
"2020-02-21 00:00:00",6204,186592.16
"2020-02-22 00:00:00",6585,120104.75
"2020-02-23 00:00:00",6954,110973.31
"2020-02-24 00:00:00",6888,147116.78
"2020-02-25 00:00:00",5421,119855.21
"2020-02-26 00:00:00",5394,101766.41
"2020-02-27 00:00:00",6527,99735.81
"2020-02-28 00:00:00",7292,118585.62
"2020-02-29 00:00:00",9631,72785.57
"2020-03-01 00:00:00",8236,124750.75
"2020-03-02 00:00:00",11834,146547.11
"2020-03-03 00:00:00",5190,128882.82
"2020-03-04 00:00:00",5060,89649.26
"2020-03-05 00:00:00",4680,69542.56
"2020-03-06 00:00:00",5149,77387.19
"2020-03-07 00:00:00",7348,70311.93
"2020-03-08 00:00:00",4342,85961.75
"2020-03-09 00:00:00",3560,65365.15
"2020-03-10 00:00:00",6030,81186.45
"2020-03-11 00:00:00",8608,72219.46
"2020-03-12 00:00:00",3490,41254.52
"2020-03-13 00:00:00",2476,49139.23
"2020-03-14 00:00:00",5199,39556.65
"2020-03-15 00:00:00",5996,42489.91
"2020-03-16 00:00:00",6273,36683.76
"2020-03-17 00:00:00",7449,56568.76
"2020-03-18 00:00:00",9700,44782.34
"2020-03-19 00:00:00",6481,94167.78
"2020-03-20 00:00:00",5761,48494.81
"2020-03-21 00:00:00",6339,57602.37
"2020-03-22 00:00:00",5728,66606.93
"2020-03-23 00:00:00",5150,57244.78
"2020-03-24 00:00:00",4055,66425.23
"2020-03-25 00:00:00",3537,46549.73
"2020-03-26 00:00:00",5868,70069.12
"2020-03-27 00:00:00",5215,51108.37
"2020-03-28 00:00:00",8778,73980.14
"2020-03-29 00:00:00",5860,49881.81
"2020-03-30 00:00:00",5270,68189.48
"2020-03-31 00:00:00",17127,514223.47
"2020-04-01 00:00:00",6930,52250.4
"2020-04-02 00:00:00",4050,52941.36
"2020-04-03 00:00:00",7388,59566.62
"2020-04-04 00:00:00",10931,77011.24
"2020-04-05 00:00:00",6037,54859.99
"2020-04-06 00:00:00",7097,45053.67
"2020-04-07 00:00:00",4305,76325.39
"2020-04-08 00:00:00",3807,69100.58
"2020-04-09 00:00:00",4286,53327.76
"2020-04-10 00:00:00",4639,151840.4
"2020-04-11 00:00:00",7806,51269.08
"2020-04-12 00:00:00",7194,46967.51
"2020-04-13 00:00:00",5585,59528.56
"2020-04-14 00:00:00",9045,48653.69
"2020-04-15 00:00:00",5326,53862.3
"2020-04-16 00:00:00",3579,88590.01
"2020-04-17 00:00:00",4357,63340.93
"2020-04-18 00:00:00",5092,124366.4
"2020-04-19 00:00:00",5385,59213.66
"2020-04-20 00:00:00",3386,57282.7
"2020-04-21 00:00:00",4264,119420.79
"2020-04-22 00:00:00",3895,97547.45
"2020-04-23 00:00:00",4042,128382.24
"2020-04-24 00:00:00",3502,75645.3
"2020-04-25 00:00:00",4879,110256.14
"2020-04-26 00:00:00",4630,103415.07
"2020-04-27 00:00:00",4686,81654.22
"2020-04-28 00:00:00",4329,56018.69
"2020-04-29 00:00:00",2867,68172.5
"2020-04-30 00:00:00",2359,98921.13
"2020-05-01 00:00:00",4145,107203.09
"2020-05-02 00:00:00",3936,143135.95
"2020-05-03 00:00:00",5072,77299.97
"2020-05-04 00:00:00",3227,60888.57
"2020-05-05 00:00:00",2892,81741.53
"2020-05-06 00:00:00",2339,60295.68
"2020-05-07 00:00:00",1986,67712
"2020-05-08 00:00:00",2601,87002.44
"2020-05-09 00:00:00",3307,72491.59
"2020-05-10 00:00:00",2550,51573.65
"2020-05-11 00:00:00",2608,46221.67
"2020-05-12 00:00:00",2454,39316.3
"2020-05-13 00:00:00",2351,62989.38
"2020-05-14 00:00:00",2060,86349.22
"2020-05-15 00:00:00",2697,70034.72
"2020-05-16 00:00:00",3432,92795.66
"2020-05-17 00:00:00",3546,66244.84
"2020-05-18 00:00:00",2424,82745.17
"2020-05-19 00:00:00",2303,61117.27
"2020-05-20 00:00:00",2531,110902.36
"2020-05-21 00:00:00",2325,112275.17
"2020-05-22 00:00:00",2544,124039.14
"2020-05-23 00:00:00",4820,96810.47
"2020-05-24 00:00:00",4336,264633.84
"2020-05-25 00:00:00",3391,106899.02
"2020-05-26 00:00:00",2984,106825.47
"2020-05-27 00:00:00",2827,101876.76
"2020-05-28 00:00:00",2671,87074.76
"2020-05-29 00:00:00",2675,86550.69
"2020-05-30 00:00:00",2323,69780.9
"2020-05-31 00:00:00",1864,83632.65
"2020-06-01 00:00:00",1749,100866.51
"2020-06-02 00:00:00",1418,84138.44
"2020-06-03 00:00:00",1579,97012.64
"2020-06-04 00:00:00",3303,146148.29
"2020-06-05 00:00:00",2267,94778.42
"2020-06-06 00:00:00",2986,94497.66
"2020-06-07 00:00:00",2210,70843.01
"2020-06-08 00:00:00",1962,58281.41
"2020-06-09 00:00:00",1757,82236.12
"2020-06-10 00:00:00",1748,92847.22
"2020-06-11 00:00:00",3234,131181.79
"2020-06-12 00:00:00",2241,69492.55
"2020-06-13 00:00:00",2353,116663.07
"2020-06-14 00:00:00",3147,107628.84
"2020-06-15 00:00:00",2105,89752.83
"2020-06-16 00:00:00",2682,109176.97
"2020-06-17 00:00:00",1536,67410.14
"2020-06-18 00:00:00",1864,168455.45
"2020-06-19 00:00:00",1586,83258.95
"2020-06-20 00:00:00",2771,52101.53
"2020-06-21 00:00:00",2944,68487.22
"2020-06-22 00:00:00",1720,69358.21
"2020-06-23 00:00:00",3366,125888.17
"2020-06-24 00:00:00",1717,72911.31
"2020-06-25 00:00:00",3561,81877.29
"2020-06-26 00:00:00",1976,61401.92
"2020-06-27 00:00:00",2129,44043.64
"2020-06-28 00:00:00",1633,72140.3
"2020-06-29 00:00:00",1481,83250.41
"2020-06-30 00:00:00",3118,140659.64
"2020-07-01 00:00:00",1902,125983.15
"2020-07-02 00:00:00",2322,107588.85
"2020-07-03 00:00:00",1973,71285.86
"2020-07-04 00:00:00",3343,81516.33
"2020-07-05 00:00:00",2497,67327.3
"2020-07-06 00:00:00",2025,76715.32
"2020-07-07 00:00:00",2047,64536.25
"2020-07-08 00:00:00",2435,97886.53
"2020-07-09 00:00:00",2894,103890.67
"2020-07-10 00:00:00",2898,114055.8
"2020-07-11 00:00:00",4110,178382.97
"2020-07-12 00:00:00",3040,113692.87
"2020-07-13 00:00:00",1646,102977.02
"2020-07-14 00:00:00",1755,108965.14
"2020-07-15 00:00:00",1859,98315.62
"2020-07-16 00:00:00",2027,79103.9
"2020-07-17 00:00:00",1630,79527.17
"2020-07-18 00:00:00",2108,68313.24
"2020-07-19 00:00:00",1448,115837.17
"2020-07-20 00:00:00",1371,108274.97
"2020-07-21 00:00:00",1566,103965.94
"2020-07-22 00:00:00",1497,139541.09
"2020-07-23 00:00:00",1439,118051.36
"2020-07-24 00:00:00",1600,124764.96
"2020-07-25 00:00:00",1735,152091.22
"2020-07-26 00:00:00",1394,118027.81
"2020-07-27 00:00:00",1028,113862.85
"2020-07-28 00:00:00",1153,110374.98
"2020-07-29 00:00:00",1141,165676.03
"2020-07-30 00:00:00",1449,154251.48
"2020-07-31 00:00:00",1109,81820.17
"2020-08-01 00:00:00",1241,93690.43
"2020-08-02 00:00:00",1326,188210.54
"2020-08-03 00:00:00",1143,137316.57
"2020-08-04 00:00:00",5346,437848.35
"2020-08-05 00:00:00",1976,139760.11
"2020-08-06 00:00:00",1677,125140.25
"2020-08-07 00:00:00",1508,120830.01
"2020-08-08 00:00:00",1780,146274.47
"2020-08-09 00:00:00",1276,148749.85
"2020-08-10 00:00:00",876,89409.19
"2020-08-11 00:00:00",803,99716.12
"2020-08-12 00:00:00",351,74023.21
"2020-08-13 00:00:00",1035,141086.82
"2020-08-14 00:00:00",994,150534.99
"2020-08-15 00:00:00",971,157283.34
"2020-08-16 00:00:00",1239,147965.56
"2020-08-17 00:00:00",878,83342.63
"2020-08-18 00:00:00",1090,178613.29
"2020-08-19 00:00:00",988,103444.41
"2020-08-20 00:00:00",1269,121227.19
"2020-08-21 00:00:00",898,125196.03
"2020-08-22 00:00:00",1049,131093.25
"2020-08-23 00:00:00",1342,190298.38
"2020-08-24 00:00:00",1000,125590.84
"2020-08-25 00:00:00",1253,125909.3
"2020-08-26 00:00:00",1191,127472
"2020-08-27 00:00:00",1331,157540.02
"2020-08-28 00:00:00",1435,246215.93
"2020-08-29 00:00:00",3242,152447.89
"2020-08-30 00:00:00",2560,151920.52
"2020-08-31 00:00:00",1301,155970.6
"2020-09-01 00:00:00",242,62648.1
"2020-09-02 00:00:00",717,80181.21
"2020-09-03 00:00:00",1180,131146.56
"2020-09-04 00:00:00",1528,150320.28
"2020-09-05 00:00:00",1182,79203.16
"2020-09-06 00:00:00",1574,186557.36
"2020-09-07 00:00:00",1670,139550.79
"2020-09-08 00:00:00",1436,114768.87
"2020-09-09 00:00:00",1471,145594.18
"2020-09-10 00:00:00",1226,132493.29
"2020-09-11 00:00:00",1393,217562.08
"2020-09-12 00:00:00",1372,187607.08
"2020-09-13 00:00:00",1611,258487.83
"2020-09-14 00:00:00",1286,278649.02
"2020-09-15 00:00:00",2976,467472.88
"2020-09-16 00:00:00",2704,201826.6
"2020-09-17 00:00:00",1511,170921.32
"2020-09-18 00:00:00",3237,425628.16
"2020-09-19 00:00:00",1861,303850.8
"2020-09-20 00:00:00",2327,416906.34
"2020-09-21 00:00:00",1784,213538.6
"2020-09-22 00:00:00",4031,602494.02
"2020-09-23 00:00:00",4915,454010.89
"2020-09-24 00:00:00",3285,861077.81
"2020-09-25 00:00:00",4052,629929.5
"2020-09-26 00:00:00",2909,686490.3
"2020-09-27 00:00:00",3181,630679.23
"2020-09-28 00:00:00",2969,1039410.88
"2020-09-29 00:00:00",2440,591458.8
"2020-09-30 00:00:00",2558,395393.92
"2020-10-01 00:00:00",2337,408300.02
"2020-10-02 00:00:00",2461,318734.23
"2020-10-03 00:00:00",3234,465219.03
"2020-10-04 00:00:00",2781,394596.64
"2020-10-05 00:00:00",2831,378109.32
"2020-10-06 00:00:00",3328,392359.12
"2020-10-07 00:00:00",2743,380642.5
"2020-10-08 00:00:00",2551,415964.32
"2020-10-09 00:00:00",2711,415394.72
"2020-10-10 00:00:00",2500,361514.18
"2020-10-11 00:00:00",3125,338248.11
"2020-10-12 00:00:00",2580,306229.43
"2020-10-13 00:00:00",2560,277775.65
"2020-10-14 00:00:00",2736,352887.68
"2020-10-15 00:00:00",2685,486193.66
"2020-10-16 00:00:00",2475,273563.17
"2020-10-17 00:00:00",3384,469211.86
"2020-10-18 00:00:00",3124,347444.13
"2020-10-19 00:00:00",2759,433593.11
"2020-10-20 00:00:00",2232,219232.87
"2020-10-21 00:00:00",2028,318638.29
"2020-10-22 00:00:00",2108,498218.52
"2020-10-23 00:00:00",3024,262631.65
"2020-10-24 00:00:00",4694,415765.91
"2020-10-25 00:00:00",5554,366226.36
"2020-10-26 00:00:00",3721,311486.41
"2020-10-27 00:00:00",4152,211933.76
"2020-10-28 00:00:00",3182,270967.85
"2020-10-29 00:00:00",3407,254222.25
"2020-10-30 00:00:00",3593,251548.69
"2020-10-31 00:00:00",4716,296455.16
"2020-11-01 00:00:00",3141,356109.94
"2020-11-02 00:00:00",2446,225419.08
"2020-11-03 00:00:00",2567,335081.62
"2020-11-04 00:00:00",2655,274194.01
"2020-11-05 00:00:00",2523,205737.26
"2020-11-06 00:00:00",2254,466150.68
"2020-11-07 00:00:00",2628,315765.53
"2020-11-08 00:00:00",3652,320032.66
"2020-11-09 00:00:00",2783,243402.7
"2020-11-10 00:00:00",3070,353007.56
"2020-11-11 00:00:00",3081,391642.91
"2020-11-12 00:00:00",16997,1008288.06
"2020-11-13 00:00:00",3376,453563.63
"2020-11-14 00:00:00",4168,450254.91
"2020-11-15 00:00:00",3834,371406.13
"2020-11-16 00:00:00",3101,332967.36
"2020-11-17 00:00:00",2391,279895.98
"2020-11-18 00:00:00",2559,312340.49
"2020-11-19 00:00:00",3044,368929.03
"2020-11-20 00:00:00",2371,272350.41
"2020-11-21 00:00:00",2463,652169.85
"2020-11-22 00:00:00",2542,353678.77
"2020-11-23 00:00:00",1859,308796.41
"2020-11-24 00:00:00",1656,207730.77
"2020-11-25 00:00:00",2154,214283.82
"2020-11-26 00:00:00",1925,217774.87
"2020-11-27 00:00:00",4529,346253.24
"2020-11-28 00:00:00",4184,348122.25
"2020-11-29 00:00:00",3554,460913.11
"2020-11-30 00:00:00",1774,264589.55
"2020-12-01 00:00:00",2158,166068.88
"2020-12-02 00:00:00",2879,484855.94
"2020-12-03 00:00:00",2516,229411.26
"2020-12-04 00:00:00",2953,467601.35
"2020-12-05 00:00:00",3438,341351.97
"2020-12-06 00:00:00",3647,384674.68
"2020-12-07 00:00:00",2750,240006.95
"2020-12-08 00:00:00",2433,307311.47
"2020-12-09 00:00:00",2203,191836.74
"2020-12-10 00:00:00",2647,218264.5
"2020-12-11 00:00:00",8180,696451.96
"2020-12-12 00:00:00",3822,295162.91
"2020-12-13 00:00:00",3117,402439.07
"2020-12-14 00:00:00",2520,257653.82
"2020-12-15 00:00:00",2152,190189.87
"2020-12-16 00:00:00",1870,235730.34
"2020-12-17 00:00:00",1252,251530.73
"2020-12-18 00:00:00",2404,290682.91
"2020-12-19 00:00:00",2645,324900.22
"2020-12-20 00:00:00",3057,541523.13
"2020-12-21 00:00:00",2222,350866.58
"2020-12-22 00:00:00",2792,535396.21
"2020-12-23 00:00:00",2080,283107.63
"2020-12-24 00:00:00",2445,380449.9
"2020-12-25 00:00:00",1918,369972.83
"2020-12-26 00:00:00",2277,353716.83
"2020-12-27 00:00:00",2247,390186.41
"2020-12-28 00:00:00",1704,221759.74
"2020-12-29 00:00:00",1866,236815.55
"2020-12-30 00:00:00",1586,353456.74
"2020-12-31 00:00:00",1705,257630.06
"2021-01-01 00:00:00",3526,453264.4
"2021-01-02 00:00:00",2136,266834.47
"2021-01-03 00:00:00",1210,327025.26
"2021-01-04 00:00:00",1404,367417.96
"2021-01-05 00:00:00",1479,615639.8
"2021-01-06 00:00:00",1617,978663.35
"2021-01-07 00:00:00",1320,485109.9
"2021-01-08 00:00:00",2132,570054.24
"2021-01-09 00:00:00",1946,538788.21
"2021-01-10 00:00:00",1814,850027.26
"2021-01-11 00:00:00",1274,292407.29
"2021-01-12 00:00:00",1678,314696.64
"2021-01-13 00:00:00",2392,553768.57
"2021-01-14 00:00:00",2733,465895.92
"2021-01-15 00:00:00",2462,449366.14
"2021-01-16 00:00:00",3364,663814.65
"2021-01-17 00:00:00",2003,521719.68
"2021-01-18 00:00:00",2018,736117.1
"2021-01-19 00:00:00",1627,520160.73
"2021-01-20 00:00:00",2175,610205.11
"2021-01-21 00:00:00",2218,587379.23
"2021-01-22 00:00:00",2275,629968.68
"2021-01-23 00:00:00",2208,1502634.8
"2021-01-24 00:00:00",2384,1106183.34
"2021-01-25 00:00:00",1831,749337.4
"2021-01-26 00:00:00",3046,819635.57
"2021-01-27 00:00:00",2243,1142273.96
"2021-01-28 00:00:00",1394,740957.22
"2021-01-29 00:00:00",2932,1243721.99
"2021-01-30 00:00:00",6284,3126925.43
"2021-01-31 00:00:00",8323,6770931.74
"2021-02-01 00:00:00",5597,7919974.52
"2021-02-02 00:00:00",3710,6895557.97
"2021-02-03 00:00:00",2368,3418164
"2021-02-04 00:00:00",1928,3740006.89
"2021-02-05 00:00:00",1540,2191305.25
"2021-02-06 00:00:00",2926,3026286.41
"2021-02-07 00:00:00",2473,2537891.41
"2021-02-08 00:00:00",1639,3991200.23
"2021-02-09 00:00:00",1484,2772048.26
"2021-02-10 00:00:00",1076,1739326.64
"2021-02-11 00:00:00",3599,3759136.93
"2021-02-12 00:00:00",2985,1997375.1
"2021-02-13 00:00:00",3153,4184907.57
"2021-02-14 00:00:00",3899,7876555.6
"2021-02-15 00:00:00",3466,6284038.3
"2021-02-16 00:00:00",4733,8854084.7
"2021-02-17 00:00:00",4107,10084844.37
"2021-02-18 00:00:00",3559,10125104.96
"2021-02-19 00:00:00",3417,11661996.4
"2021-02-20 00:00:00",3279,8340847.9
"2021-02-21 00:00:00",5964,16505330.65
"2021-02-22 00:00:00",3680,15670307.15
"2021-02-23 00:00:00",2458,6455637.04
"2021-02-24 00:00:00",5321,7937198.95
"2021-02-25 00:00:00",5572,5686963.43
"2021-02-26 00:00:00",8316,6470775.96
"2021-02-27 00:00:00",11456,8888998.78
"2021-02-28 00:00:00",6425,7004873.44
"2021-03-01 00:00:00",13344,9950917.55
"2021-03-02 00:00:00",9262,11006439.79
"2021-03-03 00:00:00",6664,9478933.4
"2021-03-04 00:00:00",6549,7160658.38
"2021-03-05 00:00:00",7817,7816762.63
"2021-03-06 00:00:00",6852,5403740.26
"2021-03-07 00:00:00",9502,6771260.27
"2021-03-08 00:00:00",9176,9960638.06
"2021-03-09 00:00:00",8217,10802041.68
"2021-03-10 00:00:00",11691,9257283.85
"2021-03-11 00:00:00",7792,29075803.55
"2021-03-12 00:00:00",7219,16019073.92
"2021-03-13 00:00:00",11111,15714667.5
"2021-03-14 00:00:00",9226,15275011.76
"2021-03-15 00:00:00",7328,10521512.55
"2021-03-16 00:00:00",9161,10350904.33
"2021-03-17 00:00:00",9553,11608779.76
"2021-03-18 00:00:00",9963,10400035.32
"2021-03-19 00:00:00",10043,7990401.07
"2021-03-20 00:00:00",9077,10095057.26
"2021-03-21 00:00:00",13388,13307305.41
"2021-03-22 00:00:00",7450,8058467.8
"2021-03-23 00:00:00",6944,6893007.2
"2021-03-24 00:00:00",5248,7086776.56
"2021-03-25 00:00:00",4895,4898343.29
"2021-03-26 00:00:00",8078,5755933.26
"2021-03-27 00:00:00",6974,6329605.99
"2021-03-28 00:00:00",6580,6810201.67
"2021-03-29 00:00:00",6212,6868474
"2021-03-30 00:00:00",5085,8221376.74
"2021-03-31 00:00:00",4481,6186252.85
"2021-04-01 00:00:00",4367,6464246.43
"2021-04-02 00:00:00",3585,5459458.62
"2021-04-03 00:00:00",4598,5846865.53
"2021-04-04 00:00:00",5932,4326884.5
"2021-04-05 00:00:00",5092,6170552.46
"2021-04-06 00:00:00",4580,5265535.21
"2021-04-07 00:00:00",8070,4254177.15
"2021-04-08 00:00:00",5995,12881051.6
"2021-04-09 00:00:00",5834,10432721.17
"2021-04-10 00:00:00",6456,7653737.49
"2021-04-11 00:00:00",7029,24630639.05
"2021-04-12 00:00:00",5325,7640305.17
"2021-04-13 00:00:00",5403,8883954.22
"2021-04-14 00:00:00",7246,14257442.08
"2021-04-15 00:00:00",5099,10269075.7
"2021-04-16 00:00:00",5222,12103650.68
"2021-04-17 00:00:00",5049,6997028.02
"2021-04-18 00:00:00",4687,5498539.78
"2021-04-19 00:00:00",3653,6358672.87
"2021-04-20 00:00:00",2759,5468529.98
"2021-04-21 00:00:00",3761,5868288.03
"2021-04-22 00:00:00",4848,5562565.18
"2021-04-23 00:00:00",5656,5778613.05
"2021-04-24 00:00:00",5210,4709465.65
"2021-04-25 00:00:00",5638,3239637.41
"2021-04-26 00:00:00",5829,4977323.19
"2021-04-27 00:00:00",7412,9818553.21
"2021-04-28 00:00:00",5770,6004934.58
"2021-04-29 00:00:00",5380,4405730.72
"2021-04-30 00:00:00",6781,6410509.04
"2021-05-01 00:00:00",17208,9873246.63
"2021-05-02 00:00:00",8006,11190579.14
"2021-05-03 00:00:00",16321,106848383.5
"2021-05-04 00:00:00",8403,31837101.28
"2021-05-05 00:00:00",7045,15528024.11
"2021-05-06 00:00:00",6795,10720134.8
"2021-05-07 00:00:00",6286,8365667.91
"2021-05-08 00:00:00",4135,11571191.07
"2021-05-09 00:00:00",5082,10203504.32
"2021-05-10 00:00:00",2502,7860391.11
"2021-05-11 00:00:00",4949,12034138.97
"2021-05-12 00:00:00",6126,22884858.98
"2021-05-13 00:00:00",6814,15871952.53
"2021-05-14 00:00:00",8489,13559578.92
"2021-05-15 00:00:00",8242,8823320.25
"2021-05-16 00:00:00",8796,7849458.04
"2021-05-17 00:00:00",7722,4862621.34
"2021-05-18 00:00:00",8118,6260163.04
"2021-05-19 00:00:00",6254,3351735.15
"2021-05-20 00:00:00",9147,4139570.34
"2021-05-21 00:00:00",8897,4812920.99
"2021-05-22 00:00:00",14034,6980810.47
"2021-05-23 00:00:00",13105,4669416.42
"2021-05-24 00:00:00",9859,5793740.77
"2021-05-25 00:00:00",10339,4878628.02
"2021-05-26 00:00:00",9526,5216778.55
"2021-05-27 00:00:00",11952,7517731.94
"2021-05-28 00:00:00",11692,6519873.1
"2021-05-29 00:00:00",13095,6798411.2
"2021-05-30 00:00:00",13513,6185271.24
"2021-05-31 00:00:00",16472,6870627.35
"2021-06-01 00:00:00",18160,8991781
"2021-06-02 00:00:00",12913,6189202.94
"2021-06-03 00:00:00",12368,6056100.29
"2021-06-04 00:00:00",14218,6247148.71
"2021-06-05 00:00:00",14001,6346798.06
"2021-06-06 00:00:00",14327,7434679.53
"2021-06-07 00:00:00",13843,8989955.32
"2021-06-08 00:00:00",15337,7794693.57
"2021-06-09 00:00:00",16151,6696177.89
"2021-06-10 00:00:00",17355,7510097.63
"2021-06-11 00:00:00",24636,12923266.71
"2021-06-12 00:00:00",15975,6157379.05
"2021-06-13 00:00:00",15640,5511473.22
"2021-06-14 00:00:00",17733,6972291.42
"2021-06-15 00:00:00",26954,11741568.08
"2021-06-16 00:00:00",20446,8759171.46
"2021-06-17 00:00:00",20646,9192257.69
"2021-06-18 00:00:00",32512,9147069.56
"2021-06-19 00:00:00",34044,10875366.34
"2021-06-20 00:00:00",38289,16877658.64
"2021-06-21 00:00:00",38487,16000656.24
"2021-06-22 00:00:00",23501,9598192.93
"2021-06-23 00:00:00",22719,10260856.7
"2021-06-24 00:00:00",28348,11339465.28
"2021-06-25 00:00:00",34435,15706227.81
"2021-06-26 00:00:00",33394,13601833.39
"2021-06-27 00:00:00",48718,14311575.8
"2021-06-28 00:00:00",34845,14563591.06
"2021-06-29 00:00:00",34572,14826968.48
"2021-06-30 00:00:00",67402,18718205.86
"2021-07-01 00:00:00",51508,15985430.57
"2021-07-02 00:00:00",34702,15547745.42
"2021-07-03 00:00:00",37192,16484597.59
"2021-07-04 00:00:00",37869,21378368.06
"2021-07-05 00:00:00",33842,16746129.47
"2021-07-06 00:00:00",52887,21895317.19
"2021-07-07 00:00:00",54168,23767478.82
"2021-07-08 00:00:00",64665,26005141.57
"2021-07-09 00:00:00",49920,24386724.09
"2021-07-10 00:00:00",49934,22537814.61
"2021-07-11 00:00:00",47537,21332760.14
"2021-07-12 00:00:00",33871,17785655.84
"2021-07-13 00:00:00",38358,21910638.82
"2021-07-14 00:00:00",73064,26299780.59
"2021-07-15 00:00:00",137511,45847430.2
"2021-07-16 00:00:00",140166,40071817.71
"2021-07-17 00:00:00",125205,36626700.36
"2021-07-18 00:00:00",91510,25481528.56
"2021-07-19 00:00:00",110455,28035330.91
"2021-07-20 00:00:00",113904,25645016.23
"2021-07-21 00:00:00",95558,24810783.3
"2021-07-22 00:00:00",95780,23420601.6
"2021-07-23 00:00:00",121754,38066638.35
"2021-07-24 00:00:00",101350,33345969.82
"2021-07-25 00:00:00",118324,36423381.29
"2021-07-26 00:00:00",96013,36052503.32
"2021-07-27 00:00:00",83175,29541284.11
"2021-07-28 00:00:00",112174,34375965.46
"2021-07-29 00:00:00",128462,44707997.94
"2021-07-30 00:00:00",129880,68196135.29
"2021-07-31 00:00:00",133105,94064402.24
"2021-08-01 00:00:00",127101,101112688.34
"2021-08-02 00:00:00",133589,54114245.56
"2021-08-03 00:00:00",158396,77617987.97
"2021-08-04 00:00:00",146096,108880861.32
"2021-08-05 00:00:00",171091,109852545.05
"2021-08-06 00:00:00",190238,138253345.75
"2021-08-07 00:00:00",187382,93762360.5
"2021-08-08 00:00:00",200961,107322913.46
"2021-08-09 00:00:00",220450,112883651.02
"2021-08-10 00:00:00",189202,100583764.29
"2021-08-11 00:00:00",192242,95794735.84
"2021-08-12 00:00:00",190933,81331468.07
"2021-08-13 00:00:00",185797,81800938.61
"2021-08-14 00:00:00",177988,89799416.46
"2021-08-15 00:00:00",201275,86887349.08
"2021-08-16 00:00:00",187391,73678752.21
"2021-08-17 00:00:00",177371,66520039.3
"2021-08-18 00:00:00",162456,71903428.28
"2021-08-19 00:00:00",164153,58390704.22
"2021-08-20 00:00:00",160646,105093523.62
"2021-08-21 00:00:00",169690,132152782.66
"2021-08-22 00:00:00",147888,127792813.76
"2021-08-23 00:00:00",139715,271156918.55
"2021-08-24 00:00:00",153362,211476908.61
"2021-08-25 00:00:00",154113,163467808.88
"2021-08-26 00:00:00",183026,152737518.55
"2021-08-27 00:00:00",203900,224777229.68
"2021-08-28 00:00:00",175178,359537231.45
"2021-08-29 00:00:00",172493,411565622.17
"2021-08-30 00:00:00",160279,249685811.42
"2021-08-31 00:00:00",179841,176307525.4
"2021-09-01 00:00:00",150995,167572079.5
"2021-09-02 00:00:00",131987,159581228.58
"2021-09-03 00:00:00",133979,146853394.4
"2021-09-04 00:00:00",146053,124255690.74
"2021-09-05 00:00:00",157592,110154801.89
"2021-09-06 00:00:00",154937,93712072.36
"2021-09-07 00:00:00",141703,70079616.17
"2021-09-08 00:00:00",146297,59233457.03
"2021-09-09 00:00:00",143370,57392598.67
"2021-09-10 00:00:00",140419,54825668.54
"2021-09-11 00:00:00",143971,47352811.4
"2021-09-12 00:00:00",135254,40960770.39
"2021-09-13 00:00:00",123007,68209058.1
"2021-09-14 00:00:00",122389,51518129.46
"2021-09-15 00:00:00",144293,68702701.73
"2021-09-16 00:00:00",137405,108670044.72
"2021-09-17 00:00:00",133584,53551729
"2021-09-18 00:00:00",132895,51931059.29
"2021-09-19 00:00:00",122078,50787840.9
"2021-09-20 00:00:00",126317,44135988.43
"2021-09-21 00:00:00",132338,55682968.68
"2021-09-22 00:00:00",123701,40678884.2
"2021-09-23 00:00:00",156213,85328234.89
"2021-09-24 00:00:00",210027,75085117.72
"2021-09-25 00:00:00",57213,61055135.67
"2021-09-26 00:00:00",62280,74703091.45
"2021-09-27 00:00:00",68161,108542826.13
"2021-09-28 00:00:00",48330,99216816.13
"2021-09-29 00:00:00",51780,68256813.44
"2021-09-30 00:00:00",69616,92776700.99
"2021-10-01 00:00:00",46091,86740095.32
"2021-10-02 00:00:00",43619,78695073.25
"2021-10-03 00:00:00",47622,93535857.82
"2021-10-04 00:00:00",82752,127708378.93
"2021-10-05 00:00:00",53013,109951137.04
"2021-10-06 00:00:00",29031,78856308.75
"2021-10-07 00:00:00",49852,92399977.91
"2021-10-08 00:00:00",68848,104263647.71
"2021-10-09 00:00:00",35045,58426276
"2021-10-10 00:00:00",38866,56340679.85
"2021-10-11 00:00:00",25927,52108782.88
"2021-10-12 00:00:00",27460,55210073.5
"2021-10-13 00:00:00",19691,66141828.89
"2021-10-14 00:00:00",22723,48216561.18
"2021-10-15 00:00:00",19200,60932728.67
"2021-10-16 00:00:00",16386,46567400.45
"2021-10-17 00:00:00",18811,52510135.55
"2021-10-18 00:00:00",40751,67802017.66
"2021-10-19 00:00:00",18722,46504868.2
"2021-10-20 00:00:00",19963,40147260.2
"2021-10-21 00:00:00",13908,43616822.29
"2021-10-22 00:00:00",12898,47516267.74
"2021-10-23 00:00:00",26605,64822253.32
"2021-10-24 00:00:00",20695,48394462.33
"2021-10-25 00:00:00",16978,45022129.3
"2021-10-26 00:00:00",9730,37430037.77
"2021-10-27 00:00:00",19446,40019196.76
"2021-10-28 00:00:00",8400,34216087.24
"2021-10-29 00:00:00",7981,37742465.97
"2021-10-30 00:00:00",9963,44556610.22
"2021-10-31 00:00:00",11290,38503701.35
"2021-11-01 00:00:00",11921,36629467.22
"2021-11-02 00:00:00",20278,46239266.98
"2021-11-03 00:00:00",12627,36949564.54
"2021-11-04 00:00:00",13108,46872651.71
"2021-11-05 00:00:00",12476,30924876.42
"2021-11-06 00:00:00",28332,39109317.23
"2021-11-07 00:00:00",19357,41989364.14
"2021-11-08 00:00:00",32798,68635345.38
"2021-11-09 00:00:00",16032,34236129.85
"2021-11-10 00:00:00",16219,37341768.3
"2021-11-11 00:00:00",13969,35563419.63
"2021-11-12 00:00:00",11851,42035978.06
"2021-11-13 00:00:00",38087,100117319.2
"2021-11-14 00:00:00",27338,100784158.77
"2021-11-15 00:00:00",62257,170065570.4
"2021-11-16 00:00:00",32745,97856115.31
"2021-11-17 00:00:00",26051,90878128.73
"2021-11-18 00:00:00",38270,75032064.62
"2021-11-19 00:00:00",22288,59089668.97
"2021-11-20 00:00:00",29998,67638062.88
"2021-11-21 00:00:00",28980,72564258.07
"2021-11-22 00:00:00",18817,75764903.31
"2021-11-23 00:00:00",8644,25182552.65
"2021-11-24 00:00:00",14027,53589455.83
"2021-11-25 00:00:00",12007,45902724.68
"2021-11-26 00:00:00",10740,36046521.06
"2021-11-27 00:00:00",12635,34803793.02
"2021-11-28 00:00:00",11598,37594297.62
"2021-11-29 00:00:00",12906,58155515.73
"2021-11-30 00:00:00",11208,39220530.16
"2021-12-01 00:00:00",9235,37252038.17
"2021-12-02 00:00:00",11351,42569523.1
"2021-12-03 00:00:00",13571,49439894.8
"2021-12-04 00:00:00",8766,36671979.21
"2021-12-05 00:00:00",9482,38116046.53
"2021-12-06 00:00:00",10405,42815732.33
"2021-12-07 00:00:00",11034,36860788.48
"2021-12-08 00:00:00",11437,30485677.36
"2021-12-09 00:00:00",12967,63982578.8
"2021-12-10 00:00:00",13072,40917200.37
"2021-12-11 00:00:00",12469,28641943.88
"2021-12-12 00:00:00",12792,21597469.86
"2021-12-13 00:00:00",12017,33785082.06
"2021-12-14 00:00:00",13263,33071245.71
"2021-12-15 00:00:00",13399,42603645.35
"2021-12-16 00:00:00",11559,38522599.35
"2021-12-17 00:00:00",12104,35983334.49
"2021-12-18 00:00:00",11719,25134770.58
"2021-12-19 00:00:00",13261,24724976.63
"2021-12-20 00:00:00",12440,30714483.09
"2021-12-21 00:00:00",11336,31139177.99
"2021-12-22 00:00:00",10715,33839977.91
"2021-12-23 00:00:00",10301,33606425.09
"2021-12-24 00:00:00",11222,50367481.21
"2021-12-25 00:00:00",10352,33896200.35
"2021-12-26 00:00:00",14685,57143400.01
"2021-12-27 00:00:00",14201,75664793.28
"2021-12-28 00:00:00",10039,40331376.19
"2021-12-29 00:00:00",11193,46281704.91
"2021-12-30 00:00:00",12755,47776826.26
"2021-12-31 00:00:00",16418,65460081.23
"2022-01-01 00:00:00",15671,87034043.22
"2022-01-02 00:00:00",16657,114763132.6
"2022-01-03 00:00:00",14777,91536805.76
"2022-01-04 00:00:00",14129,77045175.85
"2022-01-05 00:00:00",18111,74496137.4
"2022-01-06 00:00:00",15264,57556267.46
"2022-01-07 00:00:00",13189,51714019.57
"2022-01-08 00:00:00",36041,77815319.02
"2022-01-09 00:00:00",36816,102199973.14
"2022-01-10 00:00:00",26127,75911572.07
"2022-01-11 00:00:00",48084,74648478.5
"2022-01-12 00:00:00",36791,87390183.56
"2022-01-13 00:00:00",49098,91618388.81
"2022-01-14 00:00:00",24031,67496782.92
"2022-01-15 00:00:00",43785,96607931.95
"2022-01-16 00:00:00",63944,89819996.36
"2022-01-17 00:00:00",24993,58225548.89
"2022-01-18 00:00:00",28160,55213056.65
"2022-01-19 00:00:00",43612,92222836.03
"2022-01-20 00:00:00",27770,95015568.01
"2022-01-21 00:00:00",23445,88318382.39
"2022-01-22 00:00:00",20304,57248633.83
"2022-01-23 00:00:00",45485,62009517.95
"2022-01-24 00:00:00",45725,57621628.22
"2022-01-25 00:00:00",39821,126519075.56
"2022-01-26 00:00:00",44292,127790095.73
"2022-01-27 00:00:00",54846,110187004.08
"2022-01-28 00:00:00",27273,92402091.43
"2022-01-29 00:00:00",51368,120632938.43
"2022-01-30 00:00:00",36089,132287741.11
"2022-01-31 00:00:00",49825,160228163.28
"2022-02-01 00:00:00",38329,135024552.48
"2022-02-02 00:00:00",35103,88809759.13
"2022-02-03 00:00:00",28783,69738938.07
"2022-02-04 00:00:00",23422,65036269.88
"2022-02-05 00:00:00",21783,49476956.08
"2022-02-06 00:00:00",33391,58511871.88
"2022-02-07 00:00:00",33259,77175659.24
"2022-02-08 00:00:00",26758,58625674.8
"2022-02-09 00:00:00",22303,68442813.2
"2022-02-10 00:00:00",22564,73320678.94
"2022-02-11 00:00:00",23940,75755365.07
"2022-02-12 00:00:00",21425,72481732.19
"2022-02-13 00:00:00",26999,63525183.38
"2022-02-14 00:00:00",22271,49900412.31
"2022-02-15 00:00:00",21926,67356124.12
"2022-02-16 00:00:00",20531,61158253.85
"2022-02-17 00:00:00",18345,48962170.03
"2022-02-18 00:00:00",18030,43810219.7
"2022-02-19 00:00:00",19438,37320217.52
"2022-02-20 00:00:00",14948,37335883.15
"2022-02-21 00:00:00",19583,52213811.57
"2022-02-22 00:00:00",15088,32675190.33
"2022-02-23 00:00:00",14624,35735112.1
"2022-02-24 00:00:00",15040,46432779.6
"2022-02-25 00:00:00",15960,43008530.38
"2022-02-26 00:00:00",15193,28283028.07
"2022-02-27 00:00:00",15329,27775438.91
"2022-02-28 00:00:00",22690,28665248.8
"2022-03-01 00:00:00",13051,23331701.76
"2022-03-02 00:00:00",11401,25722978.34
"2022-03-03 00:00:00",11110,26284782.12
"2022-03-04 00:00:00",11022,27166338.29
"2022-03-05 00:00:00",12091,20100333.37
"2022-03-06 00:00:00",11190,18782997.1
"2022-03-07 00:00:00",62224,121689872.2
"2022-03-08 00:00:00",11601,32212562.84
"2022-03-09 00:00:00",11262,29686316.83
"2022-03-10 00:00:00",12872,31177272.08
"2022-03-11 00:00:00",14750,49371645.52
"2022-03-12 00:00:00",16952,51957284.44
"2022-03-13 00:00:00",14312,39102985.46
"2022-03-14 00:00:00",14307,28914193.64
"2022-03-15 00:00:00",17775,34739947.52
"2022-03-16 00:00:00",11714,54686725.79
"2022-03-17 00:00:00",13001,102858583.21
"2022-03-18 00:00:00",13745,85816653.88
"2022-03-19 00:00:00",15916,88305171.87
"2022-03-20 00:00:00",14760,43907674.29
"2022-03-21 00:00:00",15846,43495182.1
"2022-03-22 00:00:00",14220,37214789.36
"2022-03-23 00:00:00",13992,49298833.61
"2022-03-24 00:00:00",12362,62773632.71
"2022-03-25 00:00:00",11893,48226285.81
"2022-03-26 00:00:00",12081,38012352.33
"2022-03-27 00:00:00",11862,38574183.35
"2022-03-28 00:00:00",8917,32955592.11
"2022-03-29 00:00:00",16284,28205695.22
"2022-03-30 00:00:00",10311,44197199.44
"2022-03-31 00:00:00",11452,52933383.08
"2022-04-01 00:00:00",10885,65432096.78
"2022-04-02 00:00:00",15762,66644774.12
"2022-04-03 00:00:00",26282,89941344.98
"2022-04-04 00:00:00",13231,68084867.33
"2022-04-05 00:00:00",14792,54147025.79
"2022-04-06 00:00:00",15246,36493624.27
"2022-04-07 00:00:00",12959,30545323.49
"2022-04-08 00:00:00",11622,26430078.46
"2022-04-09 00:00:00",13983,24042203.23
"2022-04-10 00:00:00",12186,24716443.09
"2022-04-11 00:00:00",28884,29722031.7
"2022-04-12 00:00:00",27505,31735742.15
"2022-04-13 00:00:00",27016,36799249.28
"2022-04-14 00:00:00",27159,36058938.73
"2022-04-15 00:00:00",13542,27940930.86
"2022-04-16 00:00:00",29586,26894315.89
"2022-04-17 00:00:00",30672,26144607.64
"2022-04-18 00:00:00",37519,45861493.35
"2022-04-19 00:00:00",27768,46138498.2
"2022-04-20 00:00:00",32833,46462746.25